"blh","nome"
11,"Daniela"
10,"Paloma"
10,"Yara"
10,"Juliana"
2,"Karen"
17,"Sabrina"
15,"Ingrid"
6,"Carol"
15,"Clarissa"
8,"Angelina"
9,"Milene"
2,"Zoe"
10,"Natália"
9,"Dulce"
15,"Flôr"
2,"Laura"
9,"Luísa"
5,"Eloá"
17,"Elisa"
1,"Liz"
11,"Maria Luísa"
10,"Maria Alice"
16,"Antonella"
3,"Lorena"
5,"Ayla"
16,"Maria Júlia"
10,"Maya"
16,"Maria Clara"
8,"Maria Cecília"
11,"Olívia"
1,"Maria Helena"
2,"Luna"
7,"Catarina"
16," Agatha"
6," Emanuelly"
12,"Rebeca"
1,"Ana Luísa"
8,"Isabelly"
6,"Ana Laura"
3,"Ana Liz"
9,"Stella"
17,"Vitória"
3,"Allana"
17,"Mirella"
13,"Milena"
1,"Bella"
13,"Emilly"
14,"Maria Vitória"
6,"Mariah"
0,"Clarice"
3,"Maria Liz"
5,"Melina"
14,"Jade"
5,"Betina"
14,"Maria Valentina"
0,"Maria Laura"
2,"Heloíse"
4,"Maria Isis"
17,"Louise"
16,"Malu"
7,"Ana Cecília"
16,"Ana Lívia"
12,"Ana Vitória"
11,"Maria Heloísa"
10,"Chloe"
16,"Maria Flor"
14,"Pérola"
5,"Ana Sophia"
10,"Maria Elisa"
14,"Gabrielly"
5,"Larissa"
3,"Maria Eloá"